{"cameraMode":{"drawMode":0,"name":"Shaded","section":"Shading Mode"},"sceneLighting":false,"audioPlay":false,"sceneViewState":{"showFog":true,"showMaterialUpdate":false,"showSkybox":true,"showFlares":true,"showImageEffects":true,"showParticleSystems":true},"in2DMode":false,"pivot":{"x":-0.18148484826087953,"y":0.9271870851516724,"z":-0.4396611452102661},"rotation":{"x":0.003654489992186427,"y":0.9880477786064148,"z":0.023714551702141763,"w":-0.15226896107196809},"size":1.8831186294555665,"orthographic":false}