{"cameraMode":{"drawMode":0,"name":"Shaded","section":"Shading Mode"},"sceneLighting":false,"audioPlay":false,"sceneViewState":{"showFog":true,"showMaterialUpdate":false,"showSkybox":true,"showFlares":true,"showImageEffects":true,"showParticleSystems":true},"in2DMode":false,"pivot":{"x":-6.162880897521973,"y":-4.4017438888549809,"z":-1.045896291732788},"rotation":{"x":0.278901070356369,"y":0.1445092260837555,"z":-0.04249546304345131,"w":0.9484331607818604},"size":111.52955627441406,"orthographic":false}