{"cameraMode":{"drawMode":0,"name":"Shaded","section":"Shading Mode"},"sceneLighting":false,"audioPlay":false,"sceneViewState":{"showFog":true,"showMaterialUpdate":false,"showSkybox":true,"showFlares":true,"showImageEffects":true,"showParticleSystems":true},"in2DMode":false,"pivot":{"x":0.0,"y":-13.333333969116211,"z":23.80000114440918},"rotation":{"x":0.28121253848075869,"y":0.12308011949062348,"z":-0.03639456257224083,"w":0.9510238170623779},"size":30.875370025634767,"orthographic":false}