{"cameraMode":{"drawMode":0,"name":"Shaded","section":"Shading Mode"},"sceneLighting":true,"audioPlay":false,"sceneViewState":{"showFog":true,"showMaterialUpdate":false,"showSkybox":true,"showFlares":true,"showImageEffects":true,"showParticleSystems":true},"in2DMode":false,"pivot":{"x":-41.868709564208987,"y":-22.078887939453126,"z":49.854007720947269},"rotation":{"x":0.22495853900909425,"y":-8.123440693452721e-7,"z":4.712377688065317e-7,"w":0.9743683934211731},"size":119.96308898925781,"orthographic":false}